code,name
1343.T,NFJ-REIT
1494.T,ONE高配当日本株
1570.T,NF日経レバ
1605.T,INPEX
1911.T,住友林業
2109.T,DM三井製糖
215A.T,タイミー
3003.T,ヒューリック
3167.T,TOKAIホールディングス
3231.T,野村不動産ホールディングス
3284.T,フージャースホールディングス
3451.T,トーセイ・リート投資法人
3481.T,三菱地所物流リート
3561.T,力の源HD
365A.T,伊澤タオル
3110.T,日東紡績
3350.T,メタプラネット
4063.T,信越化学
4182.T,三菱瓦斯化学
4208.T,UBE
4755.T,楽天グループ
5949.T,ユニプレス
6089.T,ウィルグループ
7272.T,ヤマハ発動機
7532.T,パン・パシフィック・インターナショナルホールディングス
7994.T,オカムラ
8058.T,三菱商事
8061.T,西華産業
8306.T,三菱UFJフィナンシャルG
8410.T,セブン銀行
8473.T,SBIホールディングス
8593.T,三菱HCキャピタル
8596.T,九州リースサービス
8698.T,マネックスG
8725.T,MS&AD
8966.T,平和不動産リート
9020.T,東日本旅客鉄道
9432.T,NTT
9433.T,KDDI
9434.T,ソフトバンク
9508.T,九州電力
9513.T,電源開発
